img0.jpg,0.1
img1.jpg,0.1
img2.jpg,0.1
img3.jpg,0.1
img4.jpg,0.1
img5.jpg,0.1
img6.jpg,0.1
img7.jpg,0.0
img8.jpg,0.0
img9.jpg,0.0
img10.jpg,0.0
img11.jpg,0.0
img12.jpg,0.0
img13.jpg,0.0
img14.jpg,0.0
img15.jpg,0.0
img16.jpg,0.0
img17.jpg,0.0
img18.jpg,0.0
img19.jpg,0.0
img20.jpg,0.0
img21.jpg,0.0
img22.jpg,0.0
img23.jpg,0.0
img24.jpg,0.0
img25.jpg,0.0
img26.jpg,0.0
img27.jpg,0.0
img28.jpg,0.0
img29.jpg,0.0
img30.jpg,0.0
img31.jpg,0.0
img32.jpg,0.0
img33.jpg,0.0
img34.jpg,0.0
img35.jpg,0.0
img36.jpg,0.0
img37.jpg,0.0
img38.jpg,0.0
img39.jpg,0.0
img40.jpg,0.0
img41.jpg,0.0
img42.jpg,0.0
img43.jpg,0.1
img44.jpg,0.1
img45.jpg,0.1
img46.jpg,0.1
img47.jpg,0.1
img48.jpg,0.0
img49.jpg,0.0
img50.jpg,0.0
img51.jpg,0.0
img52.jpg,0.0
img53.jpg,0.0
img54.jpg,0.0
img55.jpg,0.0
img56.jpg,0.0
img57.jpg,0.0
img58.jpg,0.0
img59.jpg,0.0
img60.jpg,0.0
img61.jpg,0.1
img62.jpg,0.1
img63.jpg,0.1
img64.jpg,0.1
img65.jpg,0.1
img66.jpg,0.1
img67.jpg,0.1
img68.jpg,0.1
img69.jpg,0.1
img70.jpg,0.0
img71.jpg,0.0
img72.jpg,0.0
img73.jpg,0.0
img74.jpg,0.0
img75.jpg,0.0
img76.jpg,0.0
img77.jpg,0.0
img78.jpg,0.0
img79.jpg,0.1
img80.jpg,0.1
img81.jpg,0.1
img82.jpg,0.1
img83.jpg,0.1
img84.jpg,0.1
img85.jpg,0.1
img86.jpg,0.0
img87.jpg,0.0
img88.jpg,0.0
img89.jpg,0.0
img90.jpg,0.0
img91.jpg,0.0
img92.jpg,0.0
img93.jpg,0.0
img94.jpg,0.0
img95.jpg,0.0
img96.jpg,0.0
img97.jpg,0.0
img98.jpg,0.0
img99.jpg,0.0
img100.jpg,0.0
img101.jpg,0.0
img102.jpg,0.0
img103.jpg,0.0
img104.jpg,0.1
img105.jpg,0.1
img106.jpg,0.1
img107.jpg,0.1
img108.jpg,0.1
img109.jpg,0.1
img110.jpg,0.1
img111.jpg,0.1
img112.jpg,0.1
img113.jpg,0.0
img114.jpg,0.0
img115.jpg,0.0
img116.jpg,0.0
img117.jpg,0.0
img118.jpg,0.0
img119.jpg,0.0
img120.jpg,0.0
img121.jpg,0.0
img122.jpg,0.0
img123.jpg,0.0
img124.jpg,0.0
img125.jpg,0.0
img126.jpg,0.0
img127.jpg,0.0
img128.jpg,0.0
img129.jpg,0.0
img130.jpg,0.0
img131.jpg,0.0
img132.jpg,0.0
img133.jpg,0.0
img134.jpg,0.0
img135.jpg,0.0
img136.jpg,0.0
img137.jpg,0.0
img138.jpg,0.0
img139.jpg,0.0
img140.jpg,0.0
img141.jpg,0.0
img142.jpg,0.0
img143.jpg,0.0
img144.jpg,0.0
img145.jpg,0.0
img146.jpg,0.0
img147.jpg,0.0
img148.jpg,0.0
img149.jpg,0.0
img150.jpg,0.0
img151.jpg,0.0
img152.jpg,0.0
img153.jpg,0.0
img154.jpg,0.0
img155.jpg,0.0
img156.jpg,0.0
img157.jpg,0.0
img158.jpg,0.0
img159.jpg,0.0
img160.jpg,0.0
img161.jpg,0.0
img162.jpg,0.0
img163.jpg,0.0
img164.jpg,0.0
img165.jpg,0.0
img166.jpg,0.0
img167.jpg,0.0
img168.jpg,0.0
img169.jpg,0.0
img170.jpg,0.0
img171.jpg,0.0
img172.jpg,0.0
img173.jpg,0.0
img174.jpg,0.0
img175.jpg,0.0
img176.jpg,0.0
img177.jpg,0.0
img178.jpg,0.0
img179.jpg,0.0
img180.jpg,0.0
img181.jpg,0.0
img182.jpg,0.0
img183.jpg,0.0
img184.jpg,0.0
img185.jpg,0.0
img186.jpg,0.0
img187.jpg,0.0
img188.jpg,0.0
img189.jpg,0.1
img190.jpg,0.1
img191.jpg,0.1
img192.jpg,0.1
img193.jpg,0.1
img194.jpg,0.1
img195.jpg,0.1
img196.jpg,0.1
img197.jpg,0.1
img198.jpg,0.1
img199.jpg,0.1
img200.jpg,0.1
img201.jpg,0.0
img202.jpg,0.0
img203.jpg,0.0
img204.jpg,0.0
img205.jpg,0.0
img206.jpg,0.0
img207.jpg,0.0
img208.jpg,0.0
img209.jpg,0.0
img210.jpg,0.0
img211.jpg,0.0
img212.jpg,0.0
img213.jpg,0.0
img214.jpg,0.0
img215.jpg,0.0
img216.jpg,0.0
img217.jpg,0.0
img218.jpg,0.0
img219.jpg,0.0
img220.jpg,0.1
img221.jpg,0.1
img222.jpg,0.1
img223.jpg,0.1
img224.jpg,0.1
img225.jpg,0.0
img226.jpg,0.0
img227.jpg,0.0
img228.jpg,0.0
img229.jpg,0.0
img230.jpg,0.0
img231.jpg,0.0
img232.jpg,0.0
img233.jpg,0.0
img234.jpg,0.0
img235.jpg,0.0
img236.jpg,0.0
img237.jpg,0.0
img238.jpg,0.0
img239.jpg,0.1
img240.jpg,0.1
img241.jpg,0.1
img242.jpg,0.1
img243.jpg,0.1
img244.jpg,0.0
img245.jpg,0.0
img246.jpg,0.0
img247.jpg,0.0
img248.jpg,0.0
img249.jpg,0.0
img250.jpg,0.0
img251.jpg,0.0
img252.jpg,0.0
img253.jpg,0.0
img254.jpg,0.0
img255.jpg,0.0
img256.jpg,0.0
img257.jpg,0.0
img258.jpg,0.0
img259.jpg,0.0
img260.jpg,0.0
img261.jpg,0.0
img262.jpg,0.0
img263.jpg,0.0
img264.jpg,0.0
img265.jpg,0.0
img266.jpg,0.0
img267.jpg,0.0
img268.jpg,0.0
img269.jpg,0.0
img270.jpg,0.0
img271.jpg,0.0
img272.jpg,0.0
img273.jpg,0.1
img274.jpg,0.1
img275.jpg,0.1
img276.jpg,0.1
img277.jpg,0.1
img278.jpg,0.1
img279.jpg,0.1
img280.jpg,0.1
img281.jpg,0.0
img282.jpg,0.0
img283.jpg,0.0
img284.jpg,0.0
img285.jpg,0.0
img286.jpg,0.0
img287.jpg,0.0
img288.jpg,0.0
img289.jpg,0.0
img290.jpg,0.0
img291.jpg,0.0
img292.jpg,0.0
img293.jpg,0.0
img294.jpg,0.0
img295.jpg,0.0
img296.jpg,0.0
img297.jpg,0.0
img298.jpg,0.0
img299.jpg,0.0
img300.jpg,0.0
img301.jpg,0.0
img302.jpg,0.0
img303.jpg,0.0
img304.jpg,0.0
img305.jpg,0.0
img306.jpg,0.0
img307.jpg,0.0
img308.jpg,0.0
img309.jpg,0.0
img310.jpg,0.0
img311.jpg,0.0
img312.jpg,0.0
img313.jpg,0.0
img314.jpg,0.0
img315.jpg,0.0
img316.jpg,0.0
img317.jpg,0.0
img318.jpg,0.0
img319.jpg,0.0
img320.jpg,0.0
img321.jpg,0.1
img322.jpg,0.1
img323.jpg,0.1
img324.jpg,0.1
img325.jpg,0.1
img326.jpg,0.1
img327.jpg,0.0
img328.jpg,0.0
img329.jpg,0.0
img330.jpg,0.0
img331.jpg,0.0
img332.jpg,0.0
img333.jpg,0.0
img334.jpg,0.0
img335.jpg,0.0
img336.jpg,0.0
img337.jpg,0.0
img338.jpg,0.0
img339.jpg,0.0
img340.jpg,0.0
img341.jpg,0.0
img342.jpg,0.0
img343.jpg,0.0
img344.jpg,0.0
img345.jpg,0.0
img346.jpg,0.1
img347.jpg,0.1
img348.jpg,0.1
img349.jpg,0.1
img350.jpg,0.1
img351.jpg,0.0
img352.jpg,0.0
img353.jpg,0.0
img354.jpg,0.0
img355.jpg,0.0
img356.jpg,0.0
img357.jpg,0.0
img358.jpg,0.0
img359.jpg,0.0
img360.jpg,0.0
img361.jpg,-0.1
img362.jpg,-0.1
img363.jpg,-0.1
img364.jpg,-0.1
img365.jpg,-0.1
img366.jpg,-0.1
img367.jpg,-0.1
img368.jpg,-0.1
img369.jpg,-0.1
img370.jpg,-0.1
img371.jpg,-0.1
img372.jpg,-0.1
img373.jpg,-0.1
img374.jpg,-0.1
img375.jpg,-0.1
img376.jpg,-0.1
img377.jpg,-0.1
img378.jpg,-0.1
img379.jpg,-0.1
img380.jpg,-0.1
img381.jpg,-0.1
img382.jpg,0.0
img383.jpg,0.0
img384.jpg,0.0
img385.jpg,0.0
img386.jpg,0.0
img387.jpg,0.0
img388.jpg,0.0
img389.jpg,0.0
img390.jpg,0.0
img391.jpg,0.0
img392.jpg,0.0
img393.jpg,0.0
img394.jpg,0.0
img395.jpg,0.0
img396.jpg,0.0
img397.jpg,0.0
img398.jpg,0.0
img399.jpg,0.0
img400.jpg,0.0
img401.jpg,0.0
img402.jpg,0.0
img403.jpg,0.0
img404.jpg,0.0
img405.jpg,0.0
img406.jpg,0.0
img407.jpg,0.0
img408.jpg,0.0
img409.jpg,0.0
img410.jpg,0.0
img411.jpg,0.0
img412.jpg,0.0
